timestamp,y_true,yhat,error,z_score,flag_z
2017-01-18 22:00:00+00:00,60304.0,60057.951407974666,246.04859202533407,,0
2017-01-18 23:00:00+00:00,57535.0,56959.81473830226,575.1852616977412,,0
2017-01-19 00:00:00+00:00,55480.0,55009.617230631855,470.3827693681451,,0
2017-01-19 01:00:00+00:00,54426.0,53970.63915116248,455.36084883751755,,0
2017-01-19 02:00:00+00:00,54161.0,53857.80220195939,303.1977980406082,,0
2017-01-19 03:00:00+00:00,54838.0,54555.47690683374,282.52309316625906,,0
2017-01-19 04:00:00+00:00,57908.0,56685.90856638064,1222.09143361936,,0
2017-01-19 05:00:00+00:00,64442.0,62106.118017862675,2335.8819821373254,,0
2017-01-19 06:00:00+00:00,71471.0,67994.33932259756,3476.6606774024403,,0
2017-01-19 07:00:00+00:00,73435.0,70576.7636709122,2858.2363290877984,,0
2017-01-19 08:00:00+00:00,73365.0,71510.94057983151,1854.0594201684871,,0
2017-01-19 09:00:00+00:00,73766.0,72441.9157793193,1324.0842206806992,,0
2017-01-19 10:00:00+00:00,73815.0,73037.34282899088,777.657171009123,,0
2017-01-19 11:00:00+00:00,73353.0,72314.26538891923,1038.7346110807703,,0
2017-01-19 12:00:00+00:00,72381.0,71397.44648039878,983.5535196012206,,0
2017-01-19 13:00:00+00:00,71125.0,70222.62707177148,902.3729282285203,,0
2017-01-19 14:00:00+00:00,70611.0,69705.4055900566,905.5944099433982,,0
2017-01-19 15:00:00+00:00,70486.0,70213.0717570695,272.92824293050217,,0
2017-01-19 16:00:00+00:00,73810.0,73366.55791355566,443.4420864443382,,0
2017-01-19 17:00:00+00:00,74542.0,73491.70372810264,1050.2962718973577,,0
2017-01-19 18:00:00+00:00,73077.0,72069.68466589927,1007.3153341007273,,0
2017-01-19 19:00:00+00:00,69078.0,68426.0369854095,651.9630145904957,,0
2017-01-19 20:00:00+00:00,65640.0,65289.134299067155,350.86570093284536,,0
2017-01-19 21:00:00+00:00,63450.0,63641.73971744123,-191.73971744123264,,0
2017-01-25 22:00:00+00:00,59673.0,59965.48622264814,-292.48622264814185,,0
2017-01-25 23:00:00+00:00,56854.0,57096.181303455814,-242.1813034558145,,0
2017-01-26 00:00:00+00:00,54509.0,55223.65619987687,-714.6561998768666,,0
2017-01-26 01:00:00+00:00,53384.0,54349.00085972763,-965.0008597276319,,0
2017-01-26 02:00:00+00:00,53718.0,54421.8574208598,-703.8574208598002,,0
2017-01-26 03:00:00+00:00,54727.0,55129.616342585294,-402.61634258529375,,0
2017-01-26 04:00:00+00:00,57396.0,57243.89860697147,152.1013930285335,,0
2017-01-26 05:00:00+00:00,64343.0,62656.093021774934,1686.9069782250663,,0
2017-01-26 06:00:00+00:00,71226.0,68743.79779122536,2482.2022087746445,,0
2017-01-26 07:00:00+00:00,73268.0,71345.26778150036,1922.7322184996447,,0
2017-01-26 08:00:00+00:00,73311.0,72253.20156519274,1057.7984348072641,,0
2017-01-26 09:00:00+00:00,73251.0,73121.53410284877,129.46589715122536,,0
2017-01-26 10:00:00+00:00,73308.0,73638.07545149274,-330.0754514927394,,0
2017-01-26 11:00:00+00:00,73291.0,73309.72080145488,-18.72080145488144,,0
2017-01-26 12:00:00+00:00,72766.0,72300.05105655038,465.94894344962086,,0
2017-01-26 13:00:00+00:00,71491.0,71243.95552268036,247.04447731963592,,0
2017-01-26 14:00:00+00:00,70557.0,70757.82051604723,-200.820516047228,,0
2017-01-26 15:00:00+00:00,69901.0,71243.0625823968,-1342.0625823968003,,0
2017-01-26 16:00:00+00:00,73327.0,74856.90083349709,-1529.9008334970858,,0
2017-01-26 17:00:00+00:00,74868.0,75616.3469550787,-748.3469550786976,,0
2017-01-26 18:00:00+00:00,73869.0,74251.50179364166,-382.50179364165524,,0
2017-01-26 19:00:00+00:00,69511.0,70394.35130014333,-883.3513001433312,,0
2017-01-26 20:00:00+00:00,65718.0,67058.63850868968,-1340.638508689677,,0
2017-01-26 21:00:00+00:00,63339.0,65238.88655245593,-1899.8865524559296,,0
2017-02-01 22:00:00+00:00,58056.0,58506.42339114412,-450.4233911441188,,0
2017-02-01 23:00:00+00:00,54560.0,55638.41864375452,-1078.4186437545213,,0
2017-02-02 00:00:00+00:00,52188.0,53663.40685514764,-1475.4068551476375,,0
2017-02-02 01:00:00+00:00,51514.0,52672.42468446103,-1158.4246844610316,,0
2017-02-02 02:00:00+00:00,51632.0,52620.6890208328,-988.6890208327968,,0
2017-02-02 03:00:00+00:00,52500.0,53251.09868757814,-751.0986875781382,,0
2017-02-02 04:00:00+00:00,55320.0,55497.11450317429,-177.11450317429262,,0
2017-02-02 05:00:00+00:00,63004.0,61053.58644601596,1950.4135539840427,,0
2017-02-02 06:00:00+00:00,69651.0,66795.51429484345,2855.4857051565486,,0
2017-02-02 07:00:00+00:00,71330.0,69136.57366450496,2193.426335495038,,0
2017-02-02 08:00:00+00:00,71538.0,69872.391536795,1665.6084632050042,,0
2017-02-02 09:00:00+00:00,72101.0,70694.44517956993,1406.5548204300721,,0
2017-02-02 10:00:00+00:00,72852.0,71189.17813816735,1662.82186183265,,0
2017-02-02 11:00:00+00:00,72375.0,70559.57290029514,1815.4270997048588,,0
2017-02-02 12:00:00+00:00,71493.0,69639.83910327345,1853.1608967265493,,0
2017-02-02 13:00:00+00:00,70215.0,68526.16243548247,1688.8375645175256,,0
2017-02-02 14:00:00+00:00,69337.0,68038.16597095689,1298.8340290431079,,0
2017-02-02 15:00:00+00:00,68365.0,68276.27360387356,88.7263961264398,,0
2017-02-02 16:00:00+00:00,71446.0,71473.81875673783,-27.81875673783361,,0
2017-02-02 17:00:00+00:00,73182.0,72340.44312926536,841.5568707346392,,0
2017-02-02 18:00:00+00:00,72052.0,70948.87442572942,1103.1255742705835,,0
2017-02-02 19:00:00+00:00,67965.0,67128.13458760106,836.86541239894,,0
2017-02-02 20:00:00+00:00,64265.0,63858.989558797824,406.01044120217557,,0
2017-02-02 21:00:00+00:00,61546.0,62020.86394607851,-474.8639460785125,,0
2017-02-08 22:00:00+00:00,58189.0,57948.66445707135,240.335542928653,,0
2017-02-08 23:00:00+00:00,54614.0,55077.04006259207,-463.04006259206653,,0
2017-02-09 00:00:00+00:00,52796.0,53138.83672366293,-342.8367236629274,,0
2017-02-09 01:00:00+00:00,51751.0,52235.06035870906,-484.0603587090591,,0
2017-02-09 02:00:00+00:00,52009.0,52443.213528717686,-434.21352871768613,,0
2017-02-09 03:00:00+00:00,53063.0,53336.91163630261,-273.91163630261144,,0
2017-02-09 04:00:00+00:00,56188.0,55667.092644915334,520.907355084666,,0
2017-02-09 05:00:00+00:00,63576.0,61442.5065368232,2133.4934631767974,,0
2017-02-09 06:00:00+00:00,69918.0,67434.45162979842,2483.548370201577,,0
2017-02-09 07:00:00+00:00,72032.0,69999.48514204838,2032.5148579516244,,0
2017-02-09 08:00:00+00:00,72470.0,71020.7920049245,1449.2079950754996,,0
2017-02-09 09:00:00+00:00,73343.0,72235.56430070596,1107.4356992940448,,0
2017-02-09 10:00:00+00:00,73703.0,72931.2099252808,771.7900747192034,,0
2017-02-09 11:00:00+00:00,73062.0,72486.7801353749,575.2198646251054,,0
2017-02-09 12:00:00+00:00,72567.0,71587.00752597759,979.9924740224087,,0
2017-02-09 13:00:00+00:00,71778.0,70413.86696572659,1364.1330342734145,,0
2017-02-09 14:00:00+00:00,70975.0,69773.53559310944,1201.4644068905618,,0
2017-02-09 15:00:00+00:00,70258.0,69628.31748469827,629.6825153017271,,0
2017-02-09 16:00:00+00:00,72356.0,72347.47279062629,8.527209373714868,,0
2017-02-09 17:00:00+00:00,74281.0,73572.48671289382,708.5132871061796,,0
2017-02-09 18:00:00+00:00,73242.0,72398.55518576989,843.4448142301117,,0
2017-02-09 19:00:00+00:00,68922.0,68549.67095984402,372.3290401559789,,0
2017-02-09 20:00:00+00:00,65696.0,65325.096093811386,370.9039061886142,,0
2017-02-09 21:00:00+00:00,63279.0,63459.821984545015,-180.82198454501486,,0
2017-02-15 22:00:00+00:00,56480.0,56899.05294547114,-419.0529454711432,,0
2017-02-15 23:00:00+00:00,52976.0,53927.87353801135,-951.8735380113503,,0
2017-02-16 00:00:00+00:00,51004.0,52262.313191219735,-1258.313191219735,,0
2017-02-16 01:00:00+00:00,50352.0,51581.272015418625,-1229.2720154186245,,0
2017-02-16 02:00:00+00:00,50855.0,51967.341683784754,-1112.3416837847544,,0
2017-02-16 03:00:00+00:00,52290.0,52942.82772997331,-652.827729973309,,0
2017-02-16 04:00:00+00:00,55371.0,55476.99008994296,-105.9900899429631,,0
2017-02-16 05:00:00+00:00,62857.0,61859.21260253504,997.7873974649629,,0
2017-02-16 06:00:00+00:00,68799.0,67345.88413937957,1453.1158606204262,,0
2017-02-16 07:00:00+00:00,70884.0,69513.9720431371,1370.0279568629048,,0
2017-02-16 08:00:00+00:00,70599.0,70049.22252391008,549.7774760899192,,0
2017-02-16 09:00:00+00:00,71076.0,71053.51027689734,22.48972310265526,,0
2017-02-16 10:00:00+00:00,71317.0,71572.81958162588,-255.81958162588126,,0
2017-02-16 11:00:00+00:00,70576.0,70863.46798336956,-287.46798336955544,,0
2017-02-16 12:00:00+00:00,70185.0,69714.08457450122,470.9154254987807,,0
2017-02-16 13:00:00+00:00,68673.0,68125.73275579729,547.2672442027106,,0
2017-02-16 14:00:00+00:00,68215.0,67229.02961199745,985.9703880025481,,0
2017-02-16 15:00:00+00:00,67395.0,66498.50896733564,896.4910326643585,,0
2017-02-16 16:00:00+00:00,69229.0,68692.5340620713,536.4659379287041,,0
2017-02-16 17:00:00+00:00,72365.0,71522.85432748216,842.1456725178432,,0
2017-02-16 18:00:00+00:00,71466.0,70525.19866583208,940.801334167918,,0
2017-02-16 19:00:00+00:00,67362.0,66561.17291877048,800.8270812295232,,0
2017-02-16 20:00:00+00:00,63700.0,63110.69936406084,589.3006359391584,,0
2017-02-16 21:00:00+00:00,60810.0,60990.95862582936,-180.9586258293566,,0
2017-02-22 22:00:00+00:00,56199.0,56510.31305949937,-311.31305949937087,,0
2017-02-22 23:00:00+00:00,52422.0,52853.130626819424,-431.1306268194239,,0
2017-02-23 00:00:00+00:00,50107.0,50761.85975791464,-654.8597579146372,,0
2017-02-23 01:00:00+00:00,49158.0,49722.97312896059,-564.9731289605916,,0
2017-02-23 02:00:00+00:00,49700.0,49623.60048762735,76.39951237264904,,0
2017-02-23 03:00:00+00:00,51382.0,50275.729472577514,1106.2705274224863,,0
2017-02-23 04:00:00+00:00,54329.0,52918.830627395386,1410.1693726046142,,0
2017-02-23 05:00:00+00:00,62176.0,59210.62290667948,2965.3770933205233,,0
2017-02-23 06:00:00+00:00,67651.0,64606.26444401679,3044.7355559832067,,0
2017-02-23 07:00:00+00:00,69887.0,66997.8473326289,2889.152667371105,,0
2017-02-23 08:00:00+00:00,70545.0,68136.94167123419,2408.0583287658083,,0
2017-02-23 09:00:00+00:00,72512.0,69679.63042766602,2832.369572333977,,0
2017-02-23 10:00:00+00:00,73299.0,71118.04010143767,2180.9598985623306,,0
2017-02-23 11:00:00+00:00,72702.0,70978.09330848504,1723.9066915149597,,0
2017-02-23 12:00:00+00:00,72232.0,70465.46839904695,1766.5316009530507,,0
2017-02-23 13:00:00+00:00,70425.0,69360.00608768343,1064.9939123165677,,0
2017-02-23 14:00:00+00:00,69163.0,68641.51827685033,521.4817231496709,,0
2017-02-23 15:00:00+00:00,68540.0,68241.02750962616,298.9724903738388,,0
2017-02-23 16:00:00+00:00,70163.0,69756.94882015558,406.0511798444204,,0
2017-02-23 17:00:00+00:00,72818.0,72501.82622516174,316.1737748382584,,0
2017-02-23 18:00:00+00:00,72151.0,71529.37456999044,621.6254300095607,,0
2017-02-23 19:00:00+00:00,67693.0,67662.02382826808,30.97617173191975,,0
2017-02-23 20:00:00+00:00,63684.0,63964.308976730536,-280.3089767305355,,0
2017-02-23 21:00:00+00:00,60925.0,61473.908632058155,-548.9086320581555,,0
2017-03-01 22:00:00+00:00,56952.0,56960.27330235796,-8.273302357956709,,0
2017-03-01 23:00:00+00:00,53640.0,53613.394487203375,26.60551279662468,,0
2017-03-02 00:00:00+00:00,52361.0,51799.25963210889,561.7403678911069,,0
2017-03-02 01:00:00+00:00,51831.0,51199.06401826434,631.9359817356599,,0
2017-03-02 02:00:00+00:00,52080.0,51765.38656544603,314.61343455396855,,0
2017-03-02 03:00:00+00:00,53334.0,52963.44819045277,370.5518095472289,,0
2017-03-02 04:00:00+00:00,56193.0,55615.43852494221,577.5614750577879,,0
2017-03-02 05:00:00+00:00,62765.0,62064.62123916299,700.3787608370112,,0
2017-03-02 06:00:00+00:00,67429.0,67581.77768735948,-152.77768735948484,,0
2017-03-02 07:00:00+00:00,69478.0,70839.62733053327,-1361.6273305332725,,0
2017-03-02 08:00:00+00:00,70222.0,72165.6985974249,-1943.6985974248964,,0
2017-03-02 09:00:00+00:00,71712.0,74014.12227112029,-2302.1222711202863,,0
2017-03-02 10:00:00+00:00,72811.0,75263.28712289165,-2452.2871228916483,,0
2017-03-02 11:00:00+00:00,72071.0,74765.25787015118,-2694.257870151181,,0
2017-03-02 12:00:00+00:00,71760.0,73866.8460620075,-2106.8460620075057,,0
2017-03-02 13:00:00+00:00,70142.0,72435.82617089112,-2293.826170891116,,0
2017-03-02 14:00:00+00:00,69261.0,71231.90309885202,-1970.9030988520244,,0
2017-03-02 15:00:00+00:00,67710.0,70126.92499222643,-2416.924992226428,,0
2017-03-02 16:00:00+00:00,68638.0,71068.53749284986,-2430.537492849864,,0
2017-03-02 17:00:00+00:00,71180.0,73075.964203698,-1895.964203697993,,0
2017-03-02 18:00:00+00:00,71012.0,72113.61937076208,-1101.6193707620841,,0
2017-03-02 19:00:00+00:00,66448.0,68357.91497887585,-1909.9149788758514,,0
2017-03-02 20:00:00+00:00,62543.0,65236.15956940025,-2693.1595694002535,,0
2017-03-02 21:00:00+00:00,59700.0,62985.01710338875,-3285.0171033887527,-2.7669000771236982,0
2017-03-08 22:00:00+00:00,55067.0,55235.1918341761,-168.19183417609747,-0.3506745805413787,0
2017-03-08 23:00:00+00:00,51764.0,51430.94128671973,333.0587132802684,0.03862155029459523,0
2017-03-09 00:00:00+00:00,49741.0,49382.456518809566,358.54348119043425,0.058307994548672276,0
2017-03-09 01:00:00+00:00,48645.0,48455.561886562646,189.43811343735433,-0.07362884339736608,0
2017-03-09 02:00:00+00:00,48958.0,48749.16831865941,208.83168134059088,-0.05826026651912743,0
2017-03-09 03:00:00+00:00,50202.0,49740.98864072803,461.01135927197174,0.13955440236992622,0
2017-03-09 04:00:00+00:00,53762.0,52155.66928822654,1606.3307117734585,1.036186296089444,0
2017-03-09 05:00:00+00:00,61463.0,58198.06579480458,3264.9342051954227,2.3008723302810457,0
2017-03-09 06:00:00+00:00,66323.0,63036.34126430284,3286.6587356971577,2.276772620107073,0
2017-03-09 07:00:00+00:00,69259.0,65757.99832087295,3501.0016791270464,2.394739556773582,0
2017-03-09 08:00:00+00:00,69578.0,66542.05027410435,3035.9497258956544,2.01295309940976,0
2017-03-09 09:00:00+00:00,70781.0,67656.29022149302,3124.709778506978,2.0493117909175536,0
2017-03-09 10:00:00+00:00,71209.0,68623.35612831879,2585.6438716812117,1.630985173193722,0
2017-03-09 11:00:00+00:00,70478.0,68309.59103087407,2168.4089691259287,1.3117231557583586,0
2017-03-09 12:00:00+00:00,70207.0,67575.57831761766,2631.421682382337,1.637529705369748,0
2017-03-09 13:00:00+00:00,69007.0,66578.97673063075,2428.0232693692524,1.4748274853995316,0
2017-03-09 14:00:00+00:00,68013.0,66399.48274224252,1613.517257757485,0.8727976920105853,0
2017-03-09 15:00:00+00:00,67296.0,66097.7787935446,1198.2212064554042,0.5657628877570279,0
2017-03-09 16:00:00+00:00,67874.0,67359.29537315025,514.7046268497506,0.06264899482616172,0
2017-03-09 17:00:00+00:00,69894.0,70168.53054281123,-274.5305428112333,-0.5178979099799941,0
2017-03-09 18:00:00+00:00,70654.0,69926.24034158235,727.7596584176499,0.22242443466316814,0
2017-03-09 19:00:00+00:00,66844.0,66289.47880535781,554.5211946421914,0.09378487329636648,0
2017-03-09 20:00:00+00:00,63626.0,63114.48410716807,511.5158928319288,0.06166694241867542,0
2017-03-09 21:00:00+00:00,60026.0,60577.26689037715,-551.2668903771482,-0.7272290907706606,0
2017-03-15 22:00:00+00:00,52837.0,52864.170353009526,-27.17035300952557,-0.33531441462173206,0
2017-03-15 23:00:00+00:00,49110.0,49414.564735748434,-304.56473574843403,-0.5409098915404463,0
2017-03-16 00:00:00+00:00,47096.0,47611.14191572797,-515.141915727967,-0.6959832905575761,0
2017-03-16 01:00:00+00:00,46446.0,46875.7201024584,-429.7201024583992,-0.6296628917598857,0
2017-03-16 02:00:00+00:00,47455.0,47499.82287938312,-44.8228793831222,-0.33956402482290554,0
2017-03-16 03:00:00+00:00,48945.0,48799.60905306311,145.3909469368882,-0.19583741429058804,0
2017-03-16 04:00:00+00:00,52480.0,51676.92132716379,803.0786728362073,0.29973330366623396,0
2017-03-16 05:00:00+00:00,59695.0,58119.461860794785,1575.538139205215,0.8801647444423717,0
2017-03-16 06:00:00+00:00,64630.0,62939.225026574975,1690.7749734250247,0.9627420908081056,0
2017-03-16 07:00:00+00:00,66412.0,65601.51140764395,810.4885923560505,0.29552942011174654,0
2017-03-16 08:00:00+00:00,66549.0,66548.20748600806,0.7925139919389039,-0.3179817961497287,0
2017-03-16 09:00:00+00:00,67766.0,68095.19153387549,-329.1915338754916,-0.5670817698029285,0
2017-03-16 10:00:00+00:00,67879.0,68935.74109947497,-1056.7410994749662,-1.1151276263480832,0
2017-03-16 11:00:00+00:00,66419.0,68197.06654783082,-1778.066547830822,-1.649122280674674,0
2017-03-16 12:00:00+00:00,66633.0,67279.84464468333,-646.8446446833259,-0.7885198749427186,0
2017-03-16 13:00:00+00:00,64741.0,65428.07341523189,-687.073415231891,-0.8157598579669101,0
2017-03-16 14:00:00+00:00,63802.0,64411.3749474317,-609.374947431701,-0.7539198430544178,0
2017-03-16 15:00:00+00:00,62664.0,63275.18907076033,-611.1890707603307,-0.7524806491351703,0
2017-03-16 16:00:00+00:00,62519.0,63847.798279728464,-1328.798279728464,-1.2902777324876182,0
2017-03-16 17:00:00+00:00,64918.0,66529.702059746,-1611.7020597460069,-1.493658899722331,0
2017-03-16 18:00:00+00:00,67623.0,67354.00441092158,268.99558907841856,-0.068997925633433,0
2017-03-16 19:00:00+00:00,63627.0,63661.10476716724,-34.104767167242244,-0.29835721397624265,0
2017-03-16 20:00:00+00:00,60097.0,60437.75548661821,-340.75548661821085,-0.5300884108073599,0
2017-03-16 21:00:00+00:00,56765.0,58070.63608990214,-1305.6360899021383,-1.2578527498664631,0
2017-03-22 22:00:00+00:00,53661.0,53801.5646190616,-140.56461906160257,-0.37017698130741233,0
2017-03-22 23:00:00+00:00,49352.0,50535.67135286962,-1183.67135286962,-1.1593605380078413,0
2017-03-23 00:00:00+00:00,47133.0,48784.237570673795,-1651.2375706737948,-1.5042832477958967,0
2017-03-23 01:00:00+00:00,46318.0,48154.93624590761,-1836.9362459076074,-1.631585703236227,0
2017-03-23 02:00:00+00:00,47291.0,48699.280883043146,-1408.2808830431459,-1.2991885795279183,0
2017-03-23 03:00:00+00:00,48916.0,49965.181246346045,-1049.1812463460446,-1.0230977005498998,0
2017-03-23 04:00:00+00:00,52732.0,52911.61264464375,-179.61264464374835,-0.36518672156402593,0
2017-03-23 05:00:00+00:00,60092.0,59024.3102680063,1067.689731993698,0.577306726828901,0
2017-03-23 06:00:00+00:00,65361.0,63832.83550430253,1528.1644956974706,0.9225932237045994,0
2017-03-23 07:00:00+00:00,67584.0,66443.44420503704,1140.5557949629583,0.6267000194104932,0
2017-03-23 08:00:00+00:00,67806.0,67207.99311341778,598.006886582225,0.21418974673128813,0
2017-03-23 09:00:00+00:00,68874.0,68500.9164317408,373.08356825920055,0.04292479591419887,0
2017-03-23 10:00:00+00:00,69685.0,69820.17109415832,-135.1710941583151,-0.34387970140634516,0
2017-03-23 11:00:00+00:00,69278.0,69416.43138067244,-138.43138067243854,-0.3455301268743554,0
2017-03-23 12:00:00+00:00,68988.0,68460.02616757614,527.973832423857,0.16433758884886143,0
2017-03-23 13:00:00+00:00,67239.0,67003.97757496315,235.0224250368483,-0.060306116927008144,0
2017-03-23 14:00:00+00:00,66097.0,66062.64751758688,34.35248241311638,-0.21412779397390233,0
2017-03-23 15:00:00+00:00,64608.0,65077.660612139895,-469.6606121398945,-0.6007291283479663,0
2017-03-23 16:00:00+00:00,64877.0,65673.57610151553,-796.5761015155294,-0.8498408477716594,0
2017-03-23 17:00:00+00:00,66138.0,67879.67172793928,-1741.671727939276,-1.5678497627506838,0
2017-03-23 18:00:00+00:00,68426.0,68823.98128581865,-397.98128581864876,-0.5322933540016744,0
2017-03-23 19:00:00+00:00,64870.0,64907.45107165641,-37.45107165641093,-0.2538375038620417,0
2017-03-23 20:00:00+00:00,60673.0,61135.72639431626,-462.7263943162616,-0.5806511166452225,0
2017-03-23 21:00:00+00:00,57486.0,58426.66682448049,-940.6668244804896,-0.9465205897098646,0
2017-03-29 22:00:00+00:00,47500.0,46274.983076792334,1225.016923207666,0.7264182418001528,0
2017-03-29 23:00:00+00:00,45446.0,43353.5031646154,2092.496835384598,1.389606985891966,0
2017-03-30 00:00:00+00:00,44344.0,41976.485132367925,2367.514867632075,1.590438407044267,0
2017-03-30 01:00:00+00:00,45096.0,42153.08173281126,2942.9182671887393,2.012471151651131,0
2017-03-30 02:00:00+00:00,46671.0,43023.511838793864,3647.4881612061363,2.5132551446132885,0
2017-03-30 03:00:00+00:00,50643.0,45883.11196134995,4759.888038650053,3.274114561543912,1
2017-03-30 04:00:00+00:00,58850.0,52011.42028950791,6838.579710492093,4.594377863463503,1
2017-03-30 05:00:00+00:00,63980.0,57272.55380845021,6707.446191549789,4.318535636639271,1
2017-03-30 06:00:00+00:00,66379.0,60840.8577648064,5538.142235193598,3.4267842076409174,1
2017-03-30 07:00:00+00:00,66391.0,62026.87754671437,4364.122453285629,2.5996479181512973,0
2017-03-30 08:00:00+00:00,67353.0,62944.66252133424,4408.337478665759,2.5881400955254747,0
2017-03-30 09:00:00+00:00,68697.0,64086.59839969106,4610.401600308942,2.6757025517579227,0
2017-03-30 10:00:00+00:00,68089.0,64632.72978373936,3456.2702162606365,1.9126922266026025,0
2017-03-30 11:00:00+00:00,67118.0,63773.2226026538,3344.7773973462026,1.8252957853975371,0
2017-03-30 12:00:00+00:00,65556.0,62463.22857776509,3092.7714222349096,1.6519867324255266,0
2017-03-30 13:00:00+00:00,64562.0,61107.50681517936,3454.4931848206397,1.865805442456554,0
2017-03-30 14:00:00+00:00,62482.0,59959.844555780495,2522.1554442195047,1.268372130609527,0
2017-03-30 15:00:00+00:00,62152.0,59484.74562945865,2667.254370541348,1.352739573005013,0
2017-03-30 16:00:00+00:00,62502.0,59918.89052660816,2583.1094733918435,1.2928317857255582,0
2017-03-30 17:00:00+00:00,62899.0,61096.98589132882,1802.014108671181,0.797293203578808,0
2017-03-30 18:00:00+00:00,63264.0,61482.67177896419,1781.3282210358084,0.7818051641662085,0
2017-03-30 19:00:00+00:00,59424.0,57778.94181639145,1645.0581836085476,0.6937015203035142,0
2017-03-30 20:00:00+00:00,55268.0,54375.93310459803,892.0668954019711,0.21682745428854566,0
2017-03-30 21:00:00+00:00,50568.0,50637.918643509285,-69.91864350928518,-0.3921056507835931,0
2017-04-05 22:00:00+00:00,48338.0,47794.47092954481,543.529070455188,-0.002617004515996321,0
2017-04-05 23:00:00+00:00,46559.0,45615.82932731448,943.1706726855191,0.2510995465624454,0
2017-04-06 00:00:00+00:00,45825.0,44675.63438959489,1149.3656104051115,0.38167657825393925,0
2017-04-06 01:00:00+00:00,46090.0,45365.42375046437,724.5762495356321,0.11033871725663551,0
2017-04-06 02:00:00+00:00,47873.0,46707.948788420246,1165.0512115797537,0.39116282537336733,0
2017-04-06 03:00:00+00:00,51113.0,49829.645680273454,1283.3543197265462,0.46588082402241776,0
2017-04-06 04:00:00+00:00,58895.0,56644.31989164192,2250.6801083580795,1.0819621516912428,0
2017-04-06 05:00:00+00:00,63971.0,61296.172634312265,2674.8273656877354,1.3468917233456936,0
2017-04-06 06:00:00+00:00,66010.0,64109.0031707575,1900.9968292424965,0.8487880400356523,0
2017-04-06 07:00:00+00:00,67367.0,65055.49020114515,2311.5097988548514,1.1072122155991817,0
2017-04-06 08:00:00+00:00,68491.0,66106.42755814084,2384.5724418591562,1.1491105750206059,0
2017-04-06 09:00:00+00:00,69403.0,67292.18800154791,2110.811998452089,0.9705023164806561,0
2017-04-06 10:00:00+00:00,68295.0,67202.78661284452,1092.2133871554834,0.31801483785355433,0
2017-04-06 11:00:00+00:00,67445.0,66098.63919511136,1346.360804888638,0.4798598427845519,0
2017-04-06 12:00:00+00:00,65717.0,64584.90689182679,1132.0931081732124,0.3416397311507977,0
2017-04-06 13:00:00+00:00,64218.0,63556.09663682833,661.9033631716666,0.03927886878748068,0
2017-04-06 14:00:00+00:00,63327.0,62137.750759579285,1189.249240420715,0.3781548251443588,0
2017-04-06 15:00:00+00:00,63114.0,61984.27096248163,1129.729037518373,0.33909066895357093,0
2017-04-06 16:00:00+00:00,63410.0,62400.23022540212,1009.7697745978803,0.26109578359365104,0
2017-04-06 17:00:00+00:00,63702.0,63031.70439277,670.2956072300003,0.04133507885404613,0
2017-04-06 18:00:00+00:00,63438.0,62795.198981335285,642.8010186647152,0.02346955926833098,0
2017-04-06 19:00:00+00:00,60496.0,59382.56131034997,1113.4386896500291,0.3284794240493445,0
2017-04-06 20:00:00+00:00,56426.0,55959.750799112546,466.2492008874542,-0.0923219846350798,0
2017-04-06 21:00:00+00:00,51713.0,51762.87811685987,-49.878116859872534,-0.4277406324100285,0
